Chemistry/Materials Science,Introduction to Chemistry w/ Lab
Chemistry/Materials Science,Special Topics in Chemistry
Chemistry/Materials Science,Materials Science and Solid State Chemistry w/ Lab
Chemistry/Materials Science,"Metals, Mining, and the Environment"
Chemistry/Materials Science,Plastic Planet
Chemistry/Materials Science,"Materials Creation, Consumption, and Impact"
Chemistry/Materials Science,Environmental Analysis and Science
Chemistry/Materials Science,Materials and the Practice of Experimentation
Chemistry/Materials Science,"Science, Society, and Systems"
Chemistry/Materials Science,Designated Alternative
